{"cameraMode":{"drawMode":0,"name":"Shaded","section":"Shading Mode"},"sceneLighting":true,"audioPlay":false,"sceneViewState":{"m_AlwaysRefresh":false,"showFog":true,"showSkybox":true,"showFlares":true,"showImageEffects":true,"showParticleSystems":true,"showVisualEffectGraphs":true,"m_FxEnabled":false},"in2DMode":false,"pivot":{"x":-0.01447511836886406,"y":1.413915991783142,"z":-1.2434836626052857},"rotation":{"x":0.07222165167331696,"y":0.026054931804537774,"z":-0.0018905251054093242,"w":0.997050940990448},"size":1.1132192611694337,"orthographic":false}