{"cameraMode":{"drawMode":0,"name":"Shaded","section":"Shading Mode"},"sceneLighting":true,"audioPlay":false,"sceneViewState":{"m_AlwaysRefresh":false,"showFog":true,"showSkybox":true,"showFlares":true,"showImageEffects":true,"showParticleSystems":true,"showVisualEffectGraphs":true,"m_FxEnabled":true},"in2DMode":false,"pivot":{"x":23.79253578186035,"y":0.14644718170166017,"z":12.551456451416016},"rotation":{"x":0.34622740745544436,"y":0.42989015579223635,"z":-0.18288151919841767,"w":0.8135972023010254},"size":11.508881568908692,"orthographic":false}